Priming funnel,GE-2M
Stop valve for priming funnel,GE-2M
Anchor bolt,GE-2M
Sluice valve,GE-2M
Foot valve,GE-2M
Suction set,GE-2M
Suction reducer,GE-2M
Discharge reducer,GE-2M
Vibration isolator,GE-2M
Vibration proof fitting,GE-2M
Mating flange set,GE-2M
Pipe silencer,GE-2M
Wedge,GE-2M
Control panel,GSP
Anchor bolt,GSP
Discharge mating flange set (Stainless cast steel 316),GSP
Suction mating flange (PVC),GSP
"Valve set (including check valve, sluice valve, gage attachment)",TVS
Pressure gage,TVS
Compound gage,TVS
Vibration isolator,TVS
Vibration proof fitting,TVS
Pipe silencer,TVS
Anchor bolt,TVS
Pump cover (Steel/Stainless) ,KFE
Connecting pipe for changing discharge direction　,KFE
Remote monitoring device ,KFE
AC reactor panel　,KFE
Anchor bolt　,KFE
Heater　 ,KFE
Foot valve (in case suction lift up use),KFE
Vibration isolator　,KFE
Electrode ,KFE
EBA-6 type Alarm panel,KFE
"Flange set (including mating flange, gasket and bolt) *gasket set is also available)",KFE
